YEAR,MONTH,DAY,PERIOD,CIPRESES,RALCO,PANGUE,ANGOSTURA,RUCUE,LAJA_I,ELTORO,POLCURA,L_Maule,Ext_Maule,LOMAALTA,LA_MINA,ISLA,CURILLINQUE,B_Maule,B_M_Isla,B_C_Isla,PEHUENCHE,COLBUN,CANUTILLAR,RAPEL,Riego_SANIGNACIO,Riego_LAJA_I,Riego_RUCUE,Caudal_Eco_Ralco,HI_RUCUE_neg,Riego_NoGen_Colbun,Filt_Laja,HI_CURILLINQUE_neg,Filt_Inv,Filt_Colb,HI_LOMAALTA_neg,Riego_B_Maule,SANIGNACIO,HI_LA_MINA_neg,HI_B_M_Isla_neg
2026,5,9,1,20.4235971800544,155.652244630347,15.4635791503151,137.508724300296,5.65285129832345,23.6557559836895,25.7498412624064,20.6832674460344,6.28365211219524,0,0,4.88153049289892,0,0,12.069917627991,11.205810518732,0,14.108369735937,10.8893608375014,37.3209251276442,51.0718690552511,29.6,0,33,27.1,0,15.6175,21.0769726221333,0,12.82618,1.78872773040001,0,0,0,0,0
2026,5,9,2,20.4235971800544,155.652244630347,15.4635791503151,137.508724300296,5.65285129832345,23.6557559836895,25.7498412624064,20.6832674460344,6.28365211219524,0,0,4.88153049289892,0,0,12.069917627991,11.205810518732,0,14.108369735937,10.8893608375014,37.3209251276442,51.0718690552511,29.6,0,33,27.1,0,15.6175,21.0769726221333,0,12.82618,1.78872773040001,0,0,0,0,0
2026,5,9,3,20.4235971800544,155.652244630347,15.4635791503151,137.508724300296,5.65285129832345,23.6557559836895,25.7498412624064,20.6832674460344,6.28365211219524,0,0,4.88153049289892,0,0,12.069917627991,11.205810518732,0,14.108369735937,10.8893608375014,37.3209251276442,51.0718690552511,29.6,0,33,27.1,0,15.6175,21.0769726221333,0,12.82618,1.78872773040001,0,0,0,0,0
2026,5,9,4,20.4235971800544,155.652244630347,15.4635791503151,137.508724300296,5.65285129832345,23.6557559836895,25.7498412624064,20.6832674460344,6.28365211219524,0,0,4.88153049289892,0,0,12.069917627991,11.205810518732,0,14.108369735937,10.8893608375014,37.3209251276442,51.0718690552511,29.6,0,33,27.1,0,15.6175,21.0769726221333,0,12.82618,1.78872773040001,0,0,0,0,0
2026,5,9,5,20.4235971800544,155.652244630347,15.4635791503151,137.508724300296,5.65285129832345,23.6557559836895,25.7498412624064,20.6832674460344,6.28365211219524,0,0,4.88153049289892,0,0,12.069917627991,11.205810518732,0,14.108369735937,10.8893608375014,37.3209251276442,51.0718690552511,29.6,0,33,27.1,0,15.6175,21.0769726221333,0,12.82618,1.78872773040001,0,0,0,0,0
2026,5,9,6,20.4235971800544,155.652244630347,15.4635791503151,137.508724300296,5.65285129832345,23.6557559836895,25.7498412624064,20.6832674460344,6.28365211219524,0,0,4.88153049289892,0,0,12.069917627991,11.205810518732,0,14.108369735937,10.8893608375014,37.3209251276442,51.0718690552511,29.6,0,33,27.1,0,15.6175,21.0769726221333,0,12.82618,1.78872773040001,0,0,0,0,0
2026,5,9,7,20.4235971800544,155.652244630347,15.4635791503151,137.508724300296,5.65285129832345,23.6557559836895,25.7498412624064,20.6832674460344,6.28365211219524,0,0,4.88153049289892,0,0,12.069917627991,11.205810518732,0,14.108369735937,10.8893608375014,37.3209251276442,51.0718690552511,29.6,0,33,27.1,0,15.6175,21.0769726221333,0,12.82618,1.78872773040001,0,0,0,0,0
2026,5,9,8,20.4235971800544,155.652244630347,15.4635791503151,137.508724300296,5.65285129832345,23.6557559836895,25.7498412624064,20.6832674460344,6.28365211219524,0,0,4.88153049289892,0,0,12.069917627991,11.205810518732,0,14.108369735937,10.8893608375014,37.3209251276442,51.0718690552511,29.6,0,33,27.1,0,15.6175,21.0769726221333,0,12.82618,1.78872773040001,0,0,0,0,0
2026,5,9,9,20.4235971800544,155.652244630347,15.4635791503151,137.508724300296,5.65285129832345,23.6557559836895,25.7498412624064,20.6832674460344,6.28365211219524,0,0,4.88153049289892,0,0,12.069917627991,11.205810518732,0,14.108369735937,10.8893608375014,37.3209251276442,51.0718690552511,29.6,0,33,27.1,0,15.6175,21.0769726221333,0,12.82618,1.78872773040001,0,0,0,0,0
2026,5,9,10,20.4235971800544,155.652244630347,15.4635791503151,137.508724300296,5.65285129832345,23.6557559836895,25.7498412624064,20.6832674460344,6.28365211219524,0,0,4.88153049289892,0,0,12.069917627991,11.205810518732,0,14.108369735937,10.8893608375014,37.3209251276442,51.0718690552511,29.6,0,33,27.1,0,15.6175,21.0769726221333,0,12.82618,1.78872773040001,0,0,0,0,0
2026,5,9,11,20.4235971800544,155.652244630347,15.4635791503151,137.508724300296,5.65285129832345,23.6557559836895,25.7498412624064,20.6832674460344,6.28365211219524,0,0,4.88153049289892,0,0,12.069917627991,11.205810518732,0,14.108369735937,10.8893608375014,37.3209251276442,51.0718690552511,29.6,0,33,27.1,0,15.6175,21.0769726221333,0,12.82618,1.78872773040001,0,0,0,0,0
2026,5,9,12,20.4235971800544,155.652244630347,15.4635791503151,137.508724300296,5.65285129832345,23.6557559836895,25.7498412624064,20.6832674460344,6.28365211219524,0,0,4.88153049289892,0,0,12.069917627991,11.205810518732,0,14.108369735937,10.8893608375014,37.3209251276442,51.0718690552511,29.6,0,33,27.1,0,15.6175,21.0769726221333,0,12.82618,1.78872773040001,0,0,0,0,0
2026,5,9,13,20.4235971800544,155.652244630347,15.4635791503151,137.508724300296,5.65285129832345,23.6557559836895,25.7498412624064,20.6832674460344,6.28365211219524,0,0,4.88153049289892,0,0,12.069917627991,11.205810518732,0,14.108369735937,10.8893608375014,37.3209251276442,51.0718690552511,29.6,0,33,27.1,0,15.6175,21.0769726221333,0,12.82618,1.78872773040001,0,0,0,0,0
2026,5,9,14,20.4235971800544,155.652244630347,15.4635791503151,137.508724300296,5.65285129832345,23.6557559836895,25.7498412624064,20.6832674460344,6.28365211219524,0,0,4.88153049289892,0,0,12.069917627991,11.205810518732,0,14.108369735937,10.8893608375014,37.3209251276442,51.0718690552511,29.6,0,33,27.1,0,15.6175,21.0769726221333,0,12.82618,1.78872773040001,0,0,0,0,0
2026,5,9,15,20.4235971800544,155.652244630347,15.4635791503151,137.508724300296,5.65285129832345,23.6557559836895,25.7498412624064,20.6832674460344,6.28365211219524,0,0,4.88153049289892,0,0,12.069917627991,11.205810518732,0,14.108369735937,10.8893608375014,37.3209251276442,51.0718690552511,29.6,0,33,27.1,0,15.6175,21.0769726221333,0,12.82618,1.78872773040001,0,0,0,0,0
2026,5,9,16,20.4235971800544,155.652244630347,15.4635791503151,137.508724300296,5.65285129832345,23.6557559836895,25.7498412624064,20.6832674460344,6.28365211219524,0,0,4.88153049289892,0,0,12.069917627991,11.205810518732,0,14.108369735937,10.8893608375014,37.3209251276442,51.0718690552511,29.6,0,33,27.1,0,15.6175,21.0769726221333,0,12.82618,1.78872773040001,0,0,0,0,0
2026,5,9,17,20.4235971800544,155.652244630347,15.4635791503151,137.508724300296,5.65285129832345,23.6557559836895,25.7498412624064,20.6832674460344,6.28365211219524,0,0,4.88153049289892,0,0,12.069917627991,11.205810518732,0,14.108369735937,10.8893608375014,37.3209251276442,51.0718690552511,29.6,0,33,27.1,0,15.6175,21.0769726221333,0,12.82618,1.78872773040001,0,0,0,0,0
2026,5,9,18,20.4235971800544,155.652244630347,15.4635791503151,137.508724300296,5.65285129832345,23.6557559836895,25.7498412624064,20.6832674460344,6.28365211219524,0,0,4.88153049289892,0,0,12.069917627991,11.205810518732,0,14.108369735937,10.8893608375014,37.3209251276442,51.0718690552511,29.6,0,33,27.1,0,15.6175,21.0769726221333,0,12.82618,1.78872773040001,0,0,0,0,0
2026,5,9,19,20.4235971800544,155.652244630347,15.4635791503151,137.508724300296,5.65285129832345,23.6557559836895,25.7498412624064,20.6832674460344,6.28365211219524,0,0,4.88153049289892,0,0,12.069917627991,11.205810518732,0,14.108369735937,10.8893608375014,37.3209251276442,51.0718690552511,29.6,0,33,27.1,0,15.6175,21.0769726221333,0,12.82618,1.78872773040001,0,0,0,0,0
2026,5,9,20,20.4235971800544,155.652244630347,15.4635791503151,137.508724300296,5.65285129832345,23.6557559836895,25.7498412624064,20.6832674460344,6.28365211219524,0,0,4.88153049289892,0,0,12.069917627991,11.205810518732,0,14.108369735937,10.8893608375014,37.3209251276442,51.0718690552511,29.6,0,33,27.1,0,15.6175,21.0769726221333,0,12.82618,1.78872773040001,0,0,0,0,0
2026,5,9,21,20.4235971800544,155.652244630347,15.4635791503151,137.508724300296,5.65285129832345,23.6557559836895,25.7498412624064,20.6832674460344,6.28365211219524,0,0,4.88153049289892,0,0,12.069917627991,11.205810518732,0,14.108369735937,10.8893608375014,37.3209251276442,51.0718690552511,29.6,0,33,27.1,0,15.6175,21.0769726221333,0,12.82618,1.78872773040001,0,0,0,0,0
2026,5,9,22,20.4235971800544,155.652244630347,15.4635791503151,137.508724300296,5.65285129832345,23.6557559836895,25.7498412624064,20.6832674460344,6.28365211219524,0,0,4.88153049289892,0,0,12.069917627991,11.205810518732,0,14.108369735937,10.8893608375014,37.3209251276442,51.0718690552511,29.6,0,33,27.1,0,15.6175,21.0769726221333,0,12.82618,1.78872773040001,0,0,0,0,0
2026,5,9,23,20.4235971800544,155.652244630347,15.4635791503151,137.508724300296,5.65285129832345,23.6557559836895,25.7498412624064,20.6832674460344,6.28365211219524,0,0,4.88153049289892,0,0,12.069917627991,11.205810518732,0,14.108369735937,10.8893608375014,37.3209251276442,51.0718690552511,29.6,0,33,27.1,0,15.6175,21.0769726221333,0,12.82618,1.78872773040001,0,0,0,0,0
2026,5,9,24,20.4235971800544,155.652244630347,15.4635791503151,137.508724300296,5.65285129832345,23.6557559836895,25.7498412624064,20.6832674460344,6.28365211219524,0,0,4.88153049289892,0,0,12.069917627991,11.205810518732,0,14.108369735937,10.8893608375014,37.3209251276442,51.0718690552511,29.6,0,33,27.1,0,15.6175,21.0769726221333,0,12.82618,1.78872773040001,0,0,0,0,0
2026,5,10,1,20.7722085515455,139.58002075608,11.5467917185804,111.69495322088,4.02771854487608,19.6164980417824,24.0467706350312,18.355193854585,6.24345991549722,0,2.01941819530109,4.88153049289892,0,0,8.52492746661187,12.1991601263313,0,11.6795923413695,13.9378531209148,26.384409337805,50.3276198958756,29.6,0,33,27.0999999999994,0,15.6175,21.0769726221333,0,12.82618,1.78872773040001,0,0,0,0,0
2026,5,10,2,20.7722085515455,139.58002075608,11.5467917185804,111.69495322088,4.02771854487608,19.6164980417824,24.0467706350312,18.355193854585,6.24345991549722,0,2.01941819530109,4.88153049289892,0,0,8.52492746661187,12.1991601263313,0,11.6795923413695,13.9378531209148,26.384409337805,50.3276198958756,29.6,0,33,27.0999999999994,0,15.6175,21.0769726221333,0,12.82618,1.78872773040001,0,0,0,0,0
2026,5,10,3,20.7722085515455,139.58002075608,11.5467917185804,111.69495322088,4.02771854487608,19.6164980417824,24.0467706350312,18.355193854585,6.24345991549722,0,2.01941819530109,4.88153049289892,0,0,8.52492746661187,12.1991601263313,0,11.6795923413695,13.9378531209148,26.384409337805,50.3276198958756,29.6,0,33,27.0999999999994,0,15.6175,21.0769726221333,0,12.82618,1.78872773040001,0,0,0,0,0
2026,5,10,4,20.7722085515455,139.58002075608,11.5467917185804,111.69495322088,4.02771854487608,19.6164980417824,24.0467706350312,18.355193854585,6.24345991549722,0,2.01941819530109,4.88153049289892,0,0,8.52492746661187,12.1991601263313,0,11.6795923413695,13.9378531209148,26.384409337805,50.3276198958756,29.6,0,33,27.0999999999994,0,15.6175,21.0769726221333,0,12.82618,1.78872773040001,0,0,0,0,0
2026,5,10,5,20.7722085515455,139.58002075608,11.5467917185804,111.69495322088,4.02771854487608,19.6164980417824,24.0467706350312,18.355193854585,6.24345991549722,0,2.01941819530109,4.88153049289892,0,0,8.52492746661187,12.1991601263313,0,11.6795923413695,13.9378531209148,26.384409337805,50.3276198958756,29.6,0,33,27.0999999999994,0,15.6175,21.0769726221333,0,12.82618,1.78872773040001,0,0,0,0,0
2026,5,10,6,20.7722085515455,139.58002075608,11.5467917185804,111.69495322088,4.02771854487608,19.6164980417824,24.0467706350312,18.355193854585,6.24345991549722,0,2.01941819530109,4.88153049289892,0,0,8.52492746661187,12.1991601263313,0,11.6795923413695,13.9378531209148,26.384409337805,50.3276198958756,29.6,0,33,27.0999999999994,0,15.6175,21.0769726221333,0,12.82618,1.78872773040001,0,0,0,0,0
2026,5,10,7,20.7722085515455,139.58002075608,11.5467917185804,111.69495322088,4.02771854487608,19.6164980417824,24.0467706350312,18.355193854585,6.24345991549722,0,2.01941819530109,4.88153049289892,0,0,8.52492746661187,12.1991601263313,0,11.6795923413695,13.9378531209148,26.384409337805,50.3276198958756,29.6,0,33,27.0999999999994,0,15.6175,21.0769726221333,0,12.82618,1.78872773040001,0,0,0,0,0
2026,5,10,8,20.7722085515455,139.58002075608,11.5467917185804,111.69495322088,4.02771854487608,19.6164980417824,24.0467706350312,18.355193854585,6.24345991549722,0,2.01941819530109,4.88153049289892,0,0,8.52492746661187,12.1991601263313,0,11.6795923413695,13.9378531209148,26.384409337805,50.3276198958756,29.6,0,33,27.0999999999994,0,15.6175,21.0769726221333,0,12.82618,1.78872773040001,0,0,0,0,0
2026,5,10,9,20.7722085515455,139.58002075608,11.5467917185804,111.69495322088,4.02771854487608,19.6164980417824,24.0467706350312,18.355193854585,6.24345991549722,0,2.01941819530109,4.88153049289892,0,0,8.52492746661187,12.1991601263313,0,11.6795923413695,13.9378531209148,26.384409337805,50.3276198958756,29.6,0,33,27.0999999999994,0,15.6175,21.0769726221333,0,12.82618,1.78872773040001,0,0,0,0,0
2026,5,10,10,20.7722085515455,139.58002075608,11.5467917185804,111.69495322088,4.02771854487608,19.6164980417824,24.0467706350312,18.355193854585,6.24345991549722,0,2.01941819530109,4.88153049289892,0,0,8.52492746661187,12.1991601263313,0,11.6795923413695,13.9378531209148,26.384409337805,50.3276198958756,29.6,0,33,27.0999999999994,0,15.6175,21.0769726221333,0,12.82618,1.78872773040001,0,0,0,0,0
2026,5,10,11,20.7722085515455,139.58002075608,11.5467917185804,111.69495322088,4.02771854487608,19.6164980417824,24.0467706350312,18.355193854585,6.24345991549722,0,2.01941819530109,4.88153049289892,0,0,8.52492746661187,12.1991601263313,0,11.6795923413695,13.9378531209148,26.384409337805,50.3276198958756,29.6,0,33,27.0999999999994,0,15.6175,21.0769726221333,0,12.82618,1.78872773040001,0,0,0,0,0
2026,5,10,12,20.7722085515455,139.58002075608,11.5467917185804,111.69495322088,4.02771854487608,19.6164980417824,24.0467706350312,18.355193854585,6.24345991549722,0,2.01941819530109,4.88153049289892,0,0,8.52492746661187,12.1991601263313,0,11.6795923413695,13.9378531209148,26.384409337805,50.3276198958756,29.6,0,33,27.0999999999994,0,15.6175,21.0769726221333,0,12.82618,1.78872773040001,0,0,0,0,0
2026,5,10,13,20.7722085515455,139.58002075608,11.5467917185804,111.69495322088,4.02771854487608,19.6164980417824,24.0467706350312,18.355193854585,6.24345991549722,0,2.01941819530109,4.88153049289892,0,0,8.52492746661187,12.1991601263313,0,11.6795923413695,13.9378531209148,26.384409337805,50.3276198958756,29.6,0,33,27.0999999999994,0,15.6175,21.0769726221333,0,12.82618,1.78872773040001,0,0,0,0,0
2026,5,10,14,20.7722085515455,139.58002075608,11.5467917185804,111.69495322088,4.02771854487608,19.6164980417824,24.0467706350312,18.355193854585,6.24345991549722,0,2.01941819530109,4.88153049289892,0,0,8.52492746661187,12.1991601263313,0,11.6795923413695,13.9378531209148,26.384409337805,50.3276198958756,29.6,0,33,27.0999999999994,0,15.6175,21.0769726221333,0,12.82618,1.78872773040001,0,0,0,0,0
2026,5,10,15,20.7722085515455,139.58002075608,11.5467917185804,111.69495322088,4.02771854487608,19.6164980417824,24.0467706350312,18.355193854585,6.24345991549722,0,2.01941819530109,4.88153049289892,0,0,8.52492746661187,12.1991601263313,0,11.6795923413695,13.9378531209148,26.384409337805,50.3276198958756,29.6,0,33,27.0999999999994,0,15.6175,21.0769726221333,0,12.82618,1.78872773040001,0,0,0,0,0
2026,5,10,16,20.7722085515455,139.58002075608,11.5467917185804,111.69495322088,4.02771854487608,19.6164980417824,24.0467706350312,18.355193854585,6.24345991549722,0,2.01941819530109,4.88153049289892,0,0,8.52492746661187,12.1991601263313,0,11.6795923413695,13.9378531209148,26.384409337805,50.3276198958756,29.6,0,33,27.0999999999994,0,15.6175,21.0769726221333,0,12.82618,1.78872773040001,0,0,0,0,0
2026,5,10,17,20.7722085515455,139.58002075608,11.5467917185804,111.69495322088,4.02771854487608,19.6164980417824,24.0467706350312,18.355193854585,6.24345991549722,0,2.01941819530109,4.88153049289892,0,0,8.52492746661187,12.1991601263313,0,11.6795923413695,13.9378531209148,26.384409337805,50.3276198958756,29.6,0,33,27.0999999999994,0,15.6175,21.0769726221333,0,12.82618,1.78872773040001,0,0,0,0,0
2026,5,10,18,20.7722085515455,139.58002075608,11.5467917185804,111.69495322088,4.02771854487608,19.6164980417824,24.0467706350312,18.355193854585,6.24345991549722,0,2.01941819530109,4.88153049289892,0,0,8.52492746661187,12.1991601263313,0,11.6795923413695,13.9378531209148,26.384409337805,50.3276198958756,29.6,0,33,27.0999999999994,0,15.6175,21.0769726221333,0,12.82618,1.78872773040001,0,0,0,0,0
2026,5,10,19,20.7722085515455,139.58002075608,11.5467917185804,111.69495322088,4.02771854487608,19.6164980417824,24.0467706350312,18.355193854585,6.24345991549722,0,2.01941819530109,4.88153049289892,0,0,8.52492746661187,12.1991601263313,0,11.6795923413695,13.9378531209148,26.384409337805,50.3276198958756,29.6,0,33,27.0999999999994,0,15.6175,21.0769726221333,0,12.82618,1.78872773040001,0,0,0,0,0
2026,5,10,20,20.7722085515455,139.58002075608,11.5467917185804,111.69495322088,4.02771854487608,19.6164980417824,24.0467706350312,18.355193854585,6.24345991549722,0,2.01941819530109,4.88153049289892,0,0,8.52492746661187,12.1991601263313,0,11.6795923413695,13.9378531209148,26.384409337805,50.3276198958756,29.6,0,33,27.0999999999994,0,15.6175,21.0769726221333,0,12.82618,1.78872773040001,0,0,0,0,0
2026,5,10,21,20.7722085515455,139.58002075608,11.5467917185804,111.69495322088,4.02771854487608,19.6164980417824,24.0467706350312,18.355193854585,6.24345991549722,0,2.01941819530109,4.88153049289892,0,0,8.52492746661187,12.1991601263313,0,11.6795923413695,13.9378531209148,26.384409337805,50.3276198958756,29.6,0,33,27.0999999999994,0,15.6175,21.0769726221333,0,12.82618,1.78872773040001,0,0,0,0,0
2026,5,10,22,20.7722085515455,139.58002075608,11.5467917185804,111.69495322088,4.02771854487608,19.6164980417824,24.0467706350312,18.355193854585,6.24345991549722,0,2.01941819530109,4.88153049289892,0,0,8.52492746661187,12.1991601263313,0,11.6795923413695,13.9378531209148,26.384409337805,50.3276198958756,29.6,0,33,27.0999999999994,0,15.6175,21.0769726221333,0,12.82618,1.78872773040001,0,0,0,0,0
2026,5,10,23,20.7722085515455,139.58002075608,11.5467917185804,111.69495322088,4.02771854487608,19.6164980417824,24.0467706350312,18.355193854585,6.24345991549722,0,2.01941819530109,4.88153049289892,0,0,8.52492746661187,12.1991601263313,0,11.6795923413695,13.9378531209148,26.384409337805,50.3276198958756,29.6,0,33,27.0999999999994,0,15.6175,21.0769726221333,0,12.82618,1.78872773040001,0,0,0,0,0
2026,5,10,24,20.7722085515455,139.58002075608,11.5467917185804,111.69495322088,4.02771854487608,19.6164980417824,24.0467706350312,18.355193854585,6.24345991549722,0,2.01941819530109,4.88153049289892,0,0,8.52492746661187,12.1991601263313,0,11.6795923413695,13.9378531209148,26.384409337805,50.3276198958756,29.6,0,33,27.0999999999994,0,15.6175,21.0769726221333,0,12.82618,1.78872773040001,0,0,0,0,0
2026,5,11,1,20.4040430990375,100.324826193644,5.15574900447869,78.7012133508183,3.15991149436561,16.2617041730647,19.5424699788149,13.7619933855065,6.20408380401134,0,2.01941819530109,4.88153049289892,0,0,9.15413269672917,11.9902218470285,0,10.0061202844007,4.43882429880096,17.7751722142129,48.1971182349829,29.6,0,33,27.0999999999997,0,15.6175,21.0769726221333,0,12.82618,1.78872773040001,0,0,0,0,0
2026,5,11,2,20.4040430990375,100.324826193644,5.15574900447869,78.7012133508183,3.15991149436561,16.2617041730647,19.5424699788149,13.7619933855065,6.20408380401134,0,2.01941819530109,4.88153049289892,0,0,9.15413269672917,11.9902218470285,0,10.0061202844007,4.43882429880096,17.7751722142129,48.1971182349829,29.6,0,33,27.0999999999997,0,15.6175,21.0769726221333,0,12.82618,1.78872773040001,0,0,0,0,0
2026,5,11,3,20.4040430990375,100.324826193644,5.15574900447869,78.7012133508183,3.15991149436561,16.2617041730647,19.5424699788149,13.7619933855065,6.20408380401134,0,2.01941819530109,4.88153049289892,0,0,9.15413269672917,11.9902218470285,0,10.0061202844007,4.43882429880096,17.7751722142129,48.1971182349829,29.6,0,33,27.0999999999997,0,15.6175,21.0769726221333,0,12.82618,1.78872773040001,0,0,0,0,0
2026,5,11,4,20.4040430990375,100.324826193644,5.15574900447869,78.7012133508183,3.15991149436561,16.2617041730647,19.5424699788149,13.7619933855065,6.20408380401134,0,2.01941819530109,4.88153049289892,0,0,9.15413269672917,11.9902218470285,0,10.0061202844007,4.43882429880096,17.7751722142129,48.1971182349829,29.6,0,33,27.0999999999997,0,15.6175,21.0769726221333,0,12.82618,1.78872773040001,0,0,0,0,0
2026,5,11,5,20.4040430990375,100.324826193644,5.15574900447869,78.7012133508183,3.15991149436561,16.2617041730647,19.5424699788149,13.7619933855065,6.20408380401134,0,2.01941819530109,4.88153049289892,0,0,9.15413269672917,11.9902218470285,0,10.0061202844007,4.43882429880096,17.7751722142129,48.1971182349829,29.6,0,33,27.0999999999997,0,15.6175,21.0769726221333,0,12.82618,1.78872773040001,0,0,0,0,0
2026,5,11,6,20.4040430990375,100.324826193644,5.15574900447869,78.7012133508183,3.15991149436561,16.2617041730647,19.5424699788149,13.7619933855065,6.20408380401134,0,2.01941819530109,4.88153049289892,0,0,9.15413269672917,11.9902218470285,0,10.0061202844007,4.43882429880096,17.7751722142129,48.1971182349829,29.6,0,33,27.0999999999997,0,15.6175,21.0769726221333,0,12.82618,1.78872773040001,0,0,0,0,0
2026,5,11,7,20.4040430990375,100.324826193644,5.15574900447869,78.7012133508183,3.15991149436561,16.2617041730647,19.5424699788149,13.7619933855065,6.20408380401134,0,2.01941819530109,4.88153049289892,0,0,9.15413269672917,11.9902218470285,0,10.0061202844007,4.43882429880096,17.7751722142129,48.1971182349829,29.6,0,33,27.0999999999997,0,15.6175,21.0769726221333,0,12.82618,1.78872773040001,0,0,0,0,0
2026,5,11,8,20.4040430990375,100.324826193644,5.15574900447869,78.7012133508183,3.15991149436561,16.2617041730647,19.5424699788149,13.7619933855065,6.20408380401134,0,2.01941819530109,4.88153049289892,0,0,9.15413269672917,11.9902218470285,0,10.0061202844007,4.43882429880096,17.7751722142129,48.1971182349829,29.6,0,33,27.0999999999997,0,15.6175,21.0769726221333,0,12.82618,1.78872773040001,0,0,0,0,0
2026,5,11,9,20.4040430990375,100.324826193644,5.15574900447869,78.7012133508183,3.15991149436561,16.2617041730647,19.5424699788149,13.7619933855065,6.20408380401134,0,2.01941819530109,4.88153049289892,0,0,9.15413269672917,11.9902218470285,0,10.0061202844007,4.43882429880096,17.7751722142129,48.1971182349829,29.6,0,33,27.0999999999997,0,15.6175,21.0769726221333,0,12.82618,1.78872773040001,0,0,0,0,0
2026,5,11,10,20.4040430990375,100.324826193644,5.15574900447869,78.7012133508183,3.15991149436561,16.2617041730647,19.5424699788149,13.7619933855065,6.20408380401134,0,2.01941819530109,4.88153049289892,0,0,9.15413269672917,11.9902218470285,0,10.0061202844007,4.43882429880096,17.7751722142129,48.1971182349829,29.6,0,33,27.0999999999997,0,15.6175,21.0769726221333,0,12.82618,1.78872773040001,0,0,0,0,0
2026,5,11,11,20.4040430990375,100.324826193644,5.15574900447869,78.7012133508183,3.15991149436561,16.2617041730647,19.5424699788149,13.7619933855065,6.20408380401134,0,2.01941819530109,4.88153049289892,0,0,9.15413269672917,11.9902218470285,0,10.0061202844007,4.43882429880096,17.7751722142129,48.1971182349829,29.6,0,33,27.0999999999997,0,15.6175,21.0769726221333,0,12.82618,1.78872773040001,0,0,0,0,0
2026,5,11,12,20.4040430990375,100.324826193644,5.15574900447869,78.7012133508183,3.15991149436561,16.2617041730647,19.5424699788149,13.7619933855065,6.20408380401134,0,2.01941819530109,4.88153049289892,0,0,9.15413269672917,11.9902218470285,0,10.0061202844007,4.43882429880096,17.7751722142129,48.1971182349829,29.6,0,33,27.0999999999997,0,15.6175,21.0769726221333,0,12.82618,1.78872773040001,0,0,0,0,0
2026,5,11,13,20.4040430990375,100.324826193644,5.15574900447869,78.7012133508183,3.15991149436561,16.2617041730647,19.5424699788149,13.7619933855065,6.20408380401134,0,2.01941819530109,4.88153049289892,0,0,9.15413269672917,11.9902218470285,0,10.0061202844007,4.43882429880096,17.7751722142129,48.1971182349829,29.6,0,33,27.0999999999997,0,15.6175,21.0769726221333,0,12.82618,1.78872773040001,0,0,0,0,0
2026,5,11,14,20.4040430990375,100.324826193644,5.15574900447869,78.7012133508183,3.15991149436561,16.2617041730647,19.5424699788149,13.7619933855065,6.20408380401134,0,2.01941819530109,4.88153049289892,0,0,9.15413269672917,11.9902218470285,0,10.0061202844007,4.43882429880096,17.7751722142129,48.1971182349829,29.6,0,33,27.0999999999997,0,15.6175,21.0769726221333,0,12.82618,1.78872773040001,0,0,0,0,0
2026,5,11,15,20.4040430990375,100.324826193644,5.15574900447869,78.7012133508183,3.15991149436561,16.2617041730647,19.5424699788149,13.7619933855065,6.20408380401134,0,2.01941819530109,4.88153049289892,0,0,9.15413269672917,11.9902218470285,0,10.0061202844007,4.43882429880096,17.7751722142129,48.1971182349829,29.6,0,33,27.0999999999997,0,15.6175,21.0769726221333,0,12.82618,1.78872773040001,0,0,0,0,0
2026,5,11,16,20.4040430990375,100.324826193644,5.15574900447869,78.7012133508183,3.15991149436561,16.2617041730647,19.5424699788149,13.7619933855065,6.20408380401134,0,2.01941819530109,4.88153049289892,0,0,9.15413269672917,11.9902218470285,0,10.0061202844007,4.43882429880096,17.7751722142129,48.1971182349829,29.6,0,33,27.0999999999997,0,15.6175,21.0769726221333,0,12.82618,1.78872773040001,0,0,0,0,0
2026,5,11,17,20.4040430990375,100.324826193644,5.15574900447869,78.7012133508183,3.15991149436561,16.2617041730647,19.5424699788149,13.7619933855065,6.20408380401134,0,2.01941819530109,4.88153049289892,0,0,9.15413269672917,11.9902218470285,0,10.0061202844007,4.43882429880096,17.7751722142129,48.1971182349829,29.6,0,33,27.0999999999997,0,15.6175,21.0769726221333,0,12.82618,1.78872773040001,0,0,0,0,0
2026,5,11,18,20.4040430990375,100.324826193644,5.15574900447869,78.7012133508183,3.15991149436561,16.2617041730647,19.5424699788149,13.7619933855065,6.20408380401134,0,2.01941819530109,4.88153049289892,0,0,9.15413269672917,11.9902218470285,0,10.0061202844007,4.43882429880096,17.7751722142129,48.1971182349829,29.6,0,33,27.0999999999997,0,15.6175,21.0769726221333,0,12.82618,1.78872773040001,0,0,0,0,0
2026,5,11,19,20.4040430990375,100.324826193644,5.15574900447869,78.7012133508183,3.15991149436561,16.2617041730647,19.5424699788149,13.7619933855065,6.20408380401134,0,2.01941819530109,4.88153049289892,0,0,9.15413269672917,11.9902218470285,0,10.0061202844007,4.43882429880096,17.7751722142129,48.1971182349829,29.6,0,33,27.0999999999997,0,15.6175,21.0769726221333,0,12.82618,1.78872773040001,0,0,0,0,0
2026,5,11,20,20.4040430990375,100.324826193644,5.15574900447869,78.7012133508183,3.15991149436561,16.2617041730647,19.5424699788149,13.7619933855065,6.20408380401134,0,2.01941819530109,4.88153049289892,0,0,9.15413269672917,11.9902218470285,0,10.0061202844007,4.43882429880096,17.7751722142129,48.1971182349829,29.6,0,33,27.0999999999997,0,15.6175,21.0769726221333,0,12.82618,1.78872773040001,0,0,0,0,0
2026,5,11,21,20.4040430990375,100.324826193644,5.15574900447869,78.7012133508183,3.15991149436561,16.2617041730647,19.5424699788149,13.7619933855065,6.20408380401134,0,2.01941819530109,4.88153049289892,0,0,9.15413269672917,11.9902218470285,0,10.0061202844007,4.43882429880096,17.7751722142129,48.1971182349829,29.6,0,33,27.0999999999997,0,15.6175,21.0769726221333,0,12.82618,1.78872773040001,0,0,0,0,0
2026,5,11,22,20.4040430990375,100.324826193644,5.15574900447869,78.7012133508183,3.15991149436561,16.2617041730647,19.5424699788149,13.7619933855065,6.20408380401134,0,2.01941819530109,4.88153049289892,0,0,9.15413269672917,11.9902218470285,0,10.0061202844007,4.43882429880096,17.7751722142129,48.1971182349829,29.6,0,33,27.0999999999997,0,15.6175,21.0769726221333,0,12.82618,1.78872773040001,0,0,0,0,0
2026,5,11,23,20.4040430990375,100.324826193644,5.15574900447869,78.7012133508183,3.15991149436561,16.2617041730647,19.5424699788149,13.7619933855065,6.20408380401134,0,2.01941819530109,4.88153049289892,0,0,9.15413269672917,11.9902218470285,0,10.0061202844007,4.43882429880096,17.7751722142129,48.1971182349829,29.6,0,33,27.0999999999997,0,15.6175,21.0769726221333,0,12.82618,1.78872773040001,0,0,0,0,0
2026,5,11,24,20.4040430990375,100.324826193644,5.15574900447869,78.7012133508183,3.15991149436561,16.2617041730647,19.5424699788149,13.7619933855065,6.20408380401134,0,2.01941819530109,4.88153049289892,0,0,9.15413269672917,11.9902218470285,0,10.0061202844007,4.43882429880096,17.7751722142129,48.1971182349829,29.6,0,33,27.0999999999997,0,15.6175,21.0769726221333,0,12.82618,1.78872773040001,0,0,0,0,0
2026,5,12,1,20.4967504012458,98.477071563785,4.57252194036307,77.5033253034264,3.06371062637819,15.8197429035675,18.5555975667834,13.6005196908929,6.1655237777376,0,2.01941819530109,4.88153049289892,0,0,9.21023122885542,12.0061511239213,0,9.70022550950975,9.41447149029135,14.6783848011621,47.4669310897235,29.6,0,33,27.0999999999996,0,15.6175,21.0769726221333,0,12.82618,1.78872773040001,0,0,0,0,0
2026,5,12,2,20.4967504012458,98.477071563785,4.57252194036307,77.5033253034264,3.06371062637819,15.8197429035675,18.5555975667834,13.6005196908929,6.1655237777376,0,2.01941819530109,4.88153049289892,0,0,9.21023122885542,12.0061511239213,0,9.70022550950975,9.41447149029135,14.6783848011621,47.4669310897235,29.6,0,33,27.0999999999996,0,15.6175,21.0769726221333,0,12.82618,1.78872773040001,0,0,0,0,0
2026,5,12,3,20.4967504012458,98.477071563785,4.57252194036307,77.5033253034264,3.06371062637819,15.8197429035675,18.5555975667834,13.6005196908929,6.1655237777376,0,2.01941819530109,4.88153049289892,0,0,9.21023122885542,12.0061511239213,0,9.70022550950975,9.41447149029135,14.6783848011621,47.4669310897235,29.6,0,33,27.0999999999996,0,15.6175,21.0769726221333,0,12.82618,1.78872773040001,0,0,0,0,0
2026,5,12,4,20.4967504012458,98.477071563785,4.57252194036307,77.5033253034264,3.06371062637819,15.8197429035675,18.5555975667834,13.6005196908929,6.1655237777376,0,2.01941819530109,4.88153049289892,0,0,9.21023122885542,12.0061511239213,0,9.70022550950975,9.41447149029135,14.6783848011621,47.4669310897235,29.6,0,33,27.0999999999996,0,15.6175,21.0769726221333,0,12.82618,1.78872773040001,0,0,0,0,0
2026,5,12,5,20.4967504012458,98.477071563785,4.57252194036307,77.5033253034264,3.06371062637819,15.8197429035675,18.5555975667834,13.6005196908929,6.1655237777376,0,2.01941819530109,4.88153049289892,0,0,9.21023122885542,12.0061511239213,0,9.70022550950975,9.41447149029135,14.6783848011621,47.4669310897235,29.6,0,33,27.0999999999996,0,15.6175,21.0769726221333,0,12.82618,1.78872773040001,0,0,0,0,0
2026,5,12,6,20.4967504012458,98.477071563785,4.57252194036307,77.5033253034264,3.06371062637819,15.8197429035675,18.5555975667834,13.6005196908929,6.1655237777376,0,2.01941819530109,4.88153049289892,0,0,9.21023122885542,12.0061511239213,0,9.70022550950975,9.41447149029135,14.6783848011621,47.4669310897235,29.6,0,33,27.0999999999996,0,15.6175,21.0769726221333,0,12.82618,1.78872773040001,0,0,0,0,0
2026,5,12,7,20.4967504012458,98.477071563785,4.57252194036307,77.5033253034264,3.06371062637819,15.8197429035675,18.5555975667834,13.6005196908929,6.1655237777376,0,2.01941819530109,4.88153049289892,0,0,9.21023122885542,12.0061511239213,0,9.70022550950975,9.41447149029135,14.6783848011621,47.4669310897235,29.6,0,33,27.0999999999996,0,15.6175,21.0769726221333,0,12.82618,1.78872773040001,0,0,0,0,0
2026,5,12,8,20.4967504012458,98.477071563785,4.57252194036307,77.5033253034264,3.06371062637819,15.8197429035675,18.5555975667834,13.6005196908929,6.1655237777376,0,2.01941819530109,4.88153049289892,0,0,9.21023122885542,12.0061511239213,0,9.70022550950975,9.41447149029135,14.6783848011621,47.4669310897235,29.6,0,33,27.0999999999996,0,15.6175,21.0769726221333,0,12.82618,1.78872773040001,0,0,0,0,0
2026,5,12,9,20.4967504012458,98.477071563785,4.57252194036307,77.5033253034264,3.06371062637819,15.8197429035675,18.5555975667834,13.6005196908929,6.1655237777376,0,2.01941819530109,4.88153049289892,0,0,9.21023122885542,12.0061511239213,0,9.70022550950975,9.41447149029135,14.6783848011621,47.4669310897235,29.6,0,33,27.0999999999996,0,15.6175,21.0769726221333,0,12.82618,1.78872773040001,0,0,0,0,0
2026,5,12,10,20.4967504012458,98.477071563785,4.57252194036307,77.5033253034264,3.06371062637819,15.8197429035675,18.5555975667834,13.6005196908929,6.1655237777376,0,2.01941819530109,4.88153049289892,0,0,9.21023122885542,12.0061511239213,0,9.70022550950975,9.41447149029135,14.6783848011621,47.4669310897235,29.6,0,33,27.0999999999996,0,15.6175,21.0769726221333,0,12.82618,1.78872773040001,0,0,0,0,0
2026,5,12,11,20.4967504012458,98.477071563785,4.57252194036307,77.5033253034264,3.06371062637819,15.8197429035675,18.5555975667834,13.6005196908929,6.1655237777376,0,2.01941819530109,4.88153049289892,0,0,9.21023122885542,12.0061511239213,0,9.70022550950975,9.41447149029135,14.6783848011621,47.4669310897235,29.6,0,33,27.0999999999996,0,15.6175,21.0769726221333,0,12.82618,1.78872773040001,0,0,0,0,0
2026,5,12,12,20.4967504012458,98.477071563785,4.57252194036307,77.5033253034264,3.06371062637819,15.8197429035675,18.5555975667834,13.6005196908929,6.1655237777376,0,2.01941819530109,4.88153049289892,0,0,9.21023122885542,12.0061511239213,0,9.70022550950975,9.41447149029135,14.6783848011621,47.4669310897235,29.6,0,33,27.0999999999996,0,15.6175,21.0769726221333,0,12.82618,1.78872773040001,0,0,0,0,0
2026,5,12,13,20.4967504012458,98.477071563785,4.57252194036307,77.5033253034264,3.06371062637819,15.8197429035675,18.5555975667834,13.6005196908929,6.1655237777376,0,2.01941819530109,4.88153049289892,0,0,9.21023122885542,12.0061511239213,0,9.70022550950975,9.41447149029135,14.6783848011621,47.4669310897235,29.6,0,33,27.0999999999996,0,15.6175,21.0769726221333,0,12.82618,1.78872773040001,0,0,0,0,0
2026,5,12,14,20.4967504012458,98.477071563785,4.57252194036307,77.5033253034264,3.06371062637819,15.8197429035675,18.5555975667834,13.6005196908929,6.1655237777376,0,2.01941819530109,4.88153049289892,0,0,9.21023122885542,12.0061511239213,0,9.70022550950975,9.41447149029135,14.6783848011621,47.4669310897235,29.6,0,33,27.0999999999996,0,15.6175,21.0769726221333,0,12.82618,1.78872773040001,0,0,0,0,0
2026,5,12,15,20.4967504012458,98.477071563785,4.57252194036307,77.5033253034264,3.06371062637819,15.8197429035675,18.5555975667834,13.6005196908929,6.1655237777376,0,2.01941819530109,4.88153049289892,0,0,9.21023122885542,12.0061511239213,0,9.70022550950975,9.41447149029135,14.6783848011621,47.4669310897235,29.6,0,33,27.0999999999996,0,15.6175,21.0769726221333,0,12.82618,1.78872773040001,0,0,0,0,0
2026,5,12,16,20.4967504012458,98.477071563785,4.57252194036307,77.5033253034264,3.06371062637819,15.8197429035675,18.5555975667834,13.6005196908929,6.1655237777376,0,2.01941819530109,4.88153049289892,0,0,9.21023122885542,12.0061511239213,0,9.70022550950975,9.41447149029135,14.6783848011621,47.4669310897235,29.6,0,33,27.0999999999996,0,15.6175,21.0769726221333,0,12.82618,1.78872773040001,0,0,0,0,0
2026,5,12,17,20.4967504012458,98.477071563785,4.57252194036307,77.5033253034264,3.06371062637819,15.8197429035675,18.5555975667834,13.6005196908929,6.1655237777376,0,2.01941819530109,4.88153049289892,0,0,9.21023122885542,12.0061511239213,0,9.70022550950975,9.41447149029135,14.6783848011621,47.4669310897235,29.6,0,33,27.0999999999996,0,15.6175,21.0769726221333,0,12.82618,1.78872773040001,0,0,0,0,0
2026,5,12,18,20.4967504012458,98.477071563785,4.57252194036307,77.5033253034264,3.06371062637819,15.8197429035675,18.5555975667834,13.6005196908929,6.1655237777376,0,2.01941819530109,4.88153049289892,0,0,9.21023122885542,12.0061511239213,0,9.70022550950975,9.41447149029135,14.6783848011621,47.4669310897235,29.6,0,33,27.0999999999996,0,15.6175,21.0769726221333,0,12.82618,1.78872773040001,0,0,0,0,0
2026,5,12,19,20.4967504012458,98.477071563785,4.57252194036307,77.5033253034264,3.06371062637819,15.8197429035675,18.5555975667834,13.6005196908929,6.1655237777376,0,2.01941819530109,4.88153049289892,0,0,9.21023122885542,12.0061511239213,0,9.70022550950975,9.41447149029135,14.6783848011621,47.4669310897235,29.6,0,33,27.0999999999996,0,15.6175,21.0769726221333,0,12.82618,1.78872773040001,0,0,0,0,0
2026,5,12,20,20.4967504012458,98.477071563785,4.57252194036307,77.5033253034264,3.06371062637819,15.8197429035675,18.5555975667834,13.6005196908929,6.1655237777376,0,2.01941819530109,4.88153049289892,0,0,9.21023122885542,12.0061511239213,0,9.70022550950975,9.41447149029135,14.6783848011621,47.4669310897235,29.6,0,33,27.0999999999996,0,15.6175,21.0769726221333,0,12.82618,1.78872773040001,0,0,0,0,0
2026,5,12,21,20.4967504012458,98.477071563785,4.57252194036307,77.5033253034264,3.06371062637819,15.8197429035675,18.5555975667834,13.6005196908929,6.1655237777376,0,2.01941819530109,4.88153049289892,0,0,9.21023122885542,12.0061511239213,0,9.70022550950975,9.41447149029135,14.6783848011621,47.4669310897235,29.6,0,33,27.0999999999996,0,15.6175,21.0769726221333,0,12.82618,1.78872773040001,0,0,0,0,0
2026,5,12,22,20.4967504012458,98.477071563785,4.57252194036307,77.5033253034264,3.06371062637819,15.8197429035675,18.5555975667834,13.6005196908929,6.1655237777376,0,2.01941819530109,4.88153049289892,0,0,9.21023122885542,12.0061511239213,0,9.70022550950975,9.41447149029135,14.6783848011621,47.4669310897235,29.6,0,33,27.0999999999996,0,15.6175,21.0769726221333,0,12.82618,1.78872773040001,0,0,0,0,0
2026,5,12,23,20.4967504012458,98.477071563785,4.57252194036307,77.5033253034264,3.06371062637819,15.8197429035675,18.5555975667834,13.6005196908929,6.1655237777376,0,2.01941819530109,4.88153049289892,0,0,9.21023122885542,12.0061511239213,0,9.70022550950975,9.41447149029135,14.6783848011621,47.4669310897235,29.6,0,33,27.0999999999996,0,15.6175,21.0769726221333,0,12.82618,1.78872773040001,0,0,0,0,0
2026,5,12,24,20.4967504012458,98.477071563785,4.57252194036307,77.5033253034264,3.06371062637819,15.8197429035675,18.5555975667834,13.6005196908929,6.1655237777376,0,2.01941819530109,4.88153049289892,0,0,9.21023122885542,12.0061511239213,0,9.70022550950975,9.41447149029135,14.6783848011621,47.4669310897235,29.6,0,33,27.0999999999996,0,15.6175,21.0769726221333,0,12.82618,1.78872773040001,0,0,0,0,0
2026,5,13,1,20.4603935559599,92.9072955366174,4.45419199265397,71.210005157262,2.9757732246581,15.3595917075087,17.8493739910611,12.6344809690426,6.127779836676,0,2.01941819530109,4.88153049289892,0,0,9.25541694236656,11.9160272818741,0,9.45395313240813,11.6928074368757,12.3159777187583,46.3111940200472,29.6,0,33,27.0999999999996,0,15.6175,21.0769726221333,0,12.82618,1.78872773040001,0,0,0,0,0
2026,5,13,2,20.4603935559599,92.9072955366174,4.45419199265397,71.210005157262,2.9757732246581,15.3595917075087,17.8493739910611,12.6344809690426,6.127779836676,0,2.01941819530109,4.88153049289892,0,0,9.25541694236656,11.9160272818741,0,9.45395313240813,11.6928074368757,12.3159777187583,46.3111940200472,29.6,0,33,27.0999999999996,0,15.6175,21.0769726221333,0,12.82618,1.78872773040001,0,0,0,0,0
2026,5,13,3,20.4603935559599,92.9072955366174,4.45419199265397,71.210005157262,2.9757732246581,15.3595917075087,17.8493739910611,12.6344809690426,6.127779836676,0,2.01941819530109,4.88153049289892,0,0,9.25541694236656,11.9160272818741,0,9.45395313240813,11.6928074368757,12.3159777187583,46.3111940200472,29.6,0,33,27.0999999999996,0,15.6175,21.0769726221333,0,12.82618,1.78872773040001,0,0,0,0,0
2026,5,13,4,20.4603935559599,92.9072955366174,4.45419199265397,71.210005157262,2.9757732246581,15.3595917075087,17.8493739910611,12.6344809690426,6.127779836676,0,2.01941819530109,4.88153049289892,0,0,9.25541694236656,11.9160272818741,0,9.45395313240813,11.6928074368757,12.3159777187583,46.3111940200472,29.6,0,33,27.0999999999996,0,15.6175,21.0769726221333,0,12.82618,1.78872773040001,0,0,0,0,0
2026,5,13,5,20.4603935559599,92.9072955366174,4.45419199265397,71.210005157262,2.9757732246581,15.3595917075087,17.8493739910611,12.6344809690426,6.127779836676,0,2.01941819530109,4.88153049289892,0,0,9.25541694236656,11.9160272818741,0,9.45395313240813,11.6928074368757,12.3159777187583,46.3111940200472,29.6,0,33,27.0999999999996,0,15.6175,21.0769726221333,0,12.82618,1.78872773040001,0,0,0,0,0
2026,5,13,6,20.4603935559599,92.9072955366174,4.45419199265397,71.210005157262,2.9757732246581,15.3595917075087,17.8493739910611,12.6344809690426,6.127779836676,0,2.01941819530109,4.88153049289892,0,0,9.25541694236656,11.9160272818741,0,9.45395313240813,11.6928074368757,12.3159777187583,46.3111940200472,29.6,0,33,27.0999999999996,0,15.6175,21.0769726221333,0,12.82618,1.78872773040001,0,0,0,0,0
2026,5,13,7,20.4603935559599,92.9072955366174,4.45419199265397,71.210005157262,2.9757732246581,15.3595917075087,17.8493739910611,12.6344809690426,6.127779836676,0,2.01941819530109,4.88153049289892,0,0,9.25541694236656,11.9160272818741,0,9.45395313240813,11.6928074368757,12.3159777187583,46.3111940200472,29.6,0,33,27.0999999999996,0,15.6175,21.0769726221333,0,12.82618,1.78872773040001,0,0,0,0,0
2026,5,13,8,20.4603935559599,92.9072955366174,4.45419199265397,71.210005157262,2.9757732246581,15.3595917075087,17.8493739910611,12.6344809690426,6.127779836676,0,2.01941819530109,4.88153049289892,0,0,9.25541694236656,11.9160272818741,0,9.45395313240813,11.6928074368757,12.3159777187583,46.3111940200472,29.6,0,33,27.0999999999996,0,15.6175,21.0769726221333,0,12.82618,1.78872773040001,0,0,0,0,0
2026,5,13,9,20.4603935559599,92.9072955366174,4.45419199265397,71.210005157262,2.9757732246581,15.3595917075087,17.8493739910611,12.6344809690426,6.127779836676,0,2.01941819530109,4.88153049289892,0,0,9.25541694236656,11.9160272818741,0,9.45395313240813,11.6928074368757,12.3159777187583,46.3111940200472,29.6,0,33,27.0999999999996,0,15.6175,21.0769726221333,0,12.82618,1.78872773040001,0,0,0,0,0
2026,5,13,10,20.4603935559599,92.9072955366174,4.45419199265397,71.210005157262,2.9757732246581,15.3595917075087,17.8493739910611,12.6344809690426,6.127779836676,0,2.01941819530109,4.88153049289892,0,0,9.25541694236656,11.9160272818741,0,9.45395313240813,11.6928074368757,12.3159777187583,46.3111940200472,29.6,0,33,27.0999999999996,0,15.6175,21.0769726221333,0,12.82618,1.78872773040001,0,0,0,0,0
2026,5,13,11,20.4603935559599,92.9072955366174,4.45419199265397,71.210005157262,2.9757732246581,15.3595917075087,17.8493739910611,12.6344809690426,6.127779836676,0,2.01941819530109,4.88153049289892,0,0,9.25541694236656,11.9160272818741,0,9.45395313240813,11.6928074368757,12.3159777187583,46.3111940200472,29.6,0,33,27.0999999999996,0,15.6175,21.0769726221333,0,12.82618,1.78872773040001,0,0,0,0,0
2026,5,13,12,20.4603935559599,92.9072955366174,4.45419199265397,71.210005157262,2.9757732246581,15.3595917075087,17.8493739910611,12.6344809690426,6.127779836676,0,2.01941819530109,4.88153049289892,0,0,9.25541694236656,11.9160272818741,0,9.45395313240813,11.6928074368757,12.3159777187583,46.3111940200472,29.6,0,33,27.0999999999996,0,15.6175,21.0769726221333,0,12.82618,1.78872773040001,0,0,0,0,0
2026,5,13,13,20.4603935559599,92.9072955366174,4.45419199265397,71.210005157262,2.9757732246581,15.3595917075087,17.8493739910611,12.6344809690426,6.127779836676,0,2.01941819530109,4.88153049289892,0,0,9.25541694236656,11.9160272818741,0,9.45395313240813,11.6928074368757,12.3159777187583,46.3111940200472,29.6,0,33,27.0999999999996,0,15.6175,21.0769726221333,0,12.82618,1.78872773040001,0,0,0,0,0
2026,5,13,14,20.4603935559599,92.9072955366174,4.45419199265397,71.210005157262,2.9757732246581,15.3595917075087,17.8493739910611,12.6344809690426,6.127779836676,0,2.01941819530109,4.88153049289892,0,0,9.25541694236656,11.9160272818741,0,9.45395313240813,11.6928074368757,12.3159777187583,46.3111940200472,29.6,0,33,27.0999999999996,0,15.6175,21.0769726221333,0,12.82618,1.78872773040001,0,0,0,0,0
2026,5,13,15,20.4603935559599,92.9072955366174,4.45419199265397,71.210005157262,2.9757732246581,15.3595917075087,17.8493739910611,12.6344809690426,6.127779836676,0,2.01941819530109,4.88153049289892,0,0,9.25541694236656,11.9160272818741,0,9.45395313240813,11.6928074368757,12.3159777187583,46.3111940200472,29.6,0,33,27.0999999999996,0,15.6175,21.0769726221333,0,12.82618,1.78872773040001,0,0,0,0,0
2026,5,13,16,20.4603935559599,92.9072955366174,4.45419199265397,71.210005157262,2.9757732246581,15.3595917075087,17.8493739910611,12.6344809690426,6.127779836676,0,2.01941819530109,4.88153049289892,0,0,9.25541694236656,11.9160272818741,0,9.45395313240813,11.6928074368757,12.3159777187583,46.3111940200472,29.6,0,33,27.0999999999996,0,15.6175,21.0769726221333,0,12.82618,1.78872773040001,0,0,0,0,0
2026,5,13,17,20.4603935559599,92.9072955366174,4.45419199265397,71.210005157262,2.9757732246581,15.3595917075087,17.8493739910611,12.6344809690426,6.127779836676,0,2.01941819530109,4.88153049289892,0,0,9.25541694236656,11.9160272818741,0,9.45395313240813,11.6928074368757,12.3159777187583,46.3111940200472,29.6,0,33,27.0999999999996,0,15.6175,21.0769726221333,0,12.82618,1.78872773040001,0,0,0,0,0
2026,5,13,18,20.4603935559599,92.9072955366174,4.45419199265397,71.210005157262,2.9757732246581,15.3595917075087,17.8493739910611,12.6344809690426,6.127779836676,0,2.01941819530109,4.88153049289892,0,0,9.25541694236656,11.9160272818741,0,9.45395313240813,11.6928074368757,12.3159777187583,46.3111940200472,29.6,0,33,27.0999999999996,0,15.6175,21.0769726221333,0,12.82618,1.78872773040001,0,0,0,0,0
2026,5,13,19,20.4603935559599,92.9072955366174,4.45419199265397,71.210005157262,2.9757732246581,15.3595917075087,17.8493739910611,12.6344809690426,6.127779836676,0,2.01941819530109,4.88153049289892,0,0,9.25541694236656,11.9160272818741,0,9.45395313240813,11.6928074368757,12.3159777187583,46.3111940200472,29.6,0,33,27.0999999999996,0,15.6175,21.0769726221333,0,12.82618,1.78872773040001,0,0,0,0,0
2026,5,13,20,20.4603935559599,92.9072955366174,4.45419199265397,71.210005157262,2.9757732246581,15.3595917075087,17.8493739910611,12.6344809690426,6.127779836676,0,2.01941819530109,4.88153049289892,0,0,9.25541694236656,11.9160272818741,0,9.45395313240813,11.6928074368757,12.3159777187583,46.3111940200472,29.6,0,33,27.0999999999996,0,15.6175,21.0769726221333,0,12.82618,1.78872773040001,0,0,0,0,0
2026,5,13,21,20.4603935559599,92.9072955366174,4.45419199265397,71.210005157262,2.9757732246581,15.3595917075087,17.8493739910611,12.6344809690426,6.127779836676,0,2.01941819530109,4.88153049289892,0,0,9.25541694236656,11.9160272818741,0,9.45395313240813,11.6928074368757,12.3159777187583,46.3111940200472,29.6,0,33,27.0999999999996,0,15.6175,21.0769726221333,0,12.82618,1.78872773040001,0,0,0,0,0
2026,5,13,22,20.4603935559599,92.9072955366174,4.45419199265397,71.210005157262,2.9757732246581,15.3595917075087,17.8493739910611,12.6344809690426,6.127779836676,0,2.01941819530109,4.88153049289892,0,0,9.25541694236656,11.9160272818741,0,9.45395313240813,11.6928074368757,12.3159777187583,46.3111940200472,29.6,0,33,27.0999999999996,0,15.6175,21.0769726221333,0,12.82618,1.78872773040001,0,0,0,0,0
2026,5,13,23,20.4603935559599,92.9072955366174,4.45419199265397,71.210005157262,2.9757732246581,15.3595917075087,17.8493739910611,12.6344809690426,6.127779836676,0,2.01941819530109,4.88153049289892,0,0,9.25541694236656,11.9160272818741,0,9.45395313240813,11.6928074368757,12.3159777187583,46.3111940200472,29.6,0,33,27.0999999999996,0,15.6175,21.0769726221333,0,12.82618,1.78872773040001,0,0,0,0,0
2026,5,13,24,20.4603935559599,92.9072955366174,4.45419199265397,71.210005157262,2.9757732246581,15.3595917075087,17.8493739910611,12.6344809690426,6.127779836676,0,2.01941819530109,4.88153049289892,0,0,9.25541694236656,11.9160272818741,0,9.45395313240813,11.6928074368757,12.3159777187583,46.3111940200472,29.6,0,33,27.0999999999996,0,15.6175,21.0769726221333,0,12.82618,1.78872773040001,0,0,0,0,0
2026,5,14,1,20.8850320937322,93.5071903868833,4.45419199265397,71.612194376788,3.03184743893872,15.0333167001317,17.8405285071524,12.7101896851147,6.09085198082655,0,2.01941819530109,4.88153049289892,0,0,9.55479054167576,11.2287921382479,0,9.14569474594056,14.6764447005055,11.8454403439838,45.7849000514463,29.6,0,33,27.0999999999996,0,15.6175,21.0769726221333,0,12.82618,1.78872773040001,0,0,0,0,0
2026,5,14,2,20.8850320937322,93.5071903868833,4.45419199265397,71.612194376788,3.03184743893872,15.0333167001317,17.8405285071524,12.7101896851147,6.09085198082655,0,2.01941819530109,4.88153049289892,0,0,9.55479054167576,11.2287921382479,0,9.14569474594056,14.6764447005055,11.8454403439838,45.7849000514463,29.6,0,33,27.0999999999996,0,15.6175,21.0769726221333,0,12.82618,1.78872773040001,0,0,0,0,0
2026,5,14,3,20.8850320937322,93.5071903868833,4.45419199265397,71.612194376788,3.03184743893872,15.0333167001317,17.8405285071524,12.7101896851147,6.09085198082655,0,2.01941819530109,4.88153049289892,0,0,9.55479054167576,11.2287921382479,0,9.14569474594056,14.6764447005055,11.8454403439838,45.7849000514463,29.6,0,33,27.0999999999996,0,15.6175,21.0769726221333,0,12.82618,1.78872773040001,0,0,0,0,0
2026,5,14,4,20.8850320937322,93.5071903868833,4.45419199265397,71.612194376788,3.03184743893872,15.0333167001317,17.8405285071524,12.7101896851147,6.09085198082655,0,2.01941819530109,4.88153049289892,0,0,9.55479054167576,11.2287921382479,0,9.14569474594056,14.6764447005055,11.8454403439838,45.7849000514463,29.6,0,33,27.0999999999996,0,15.6175,21.0769726221333,0,12.82618,1.78872773040001,0,0,0,0,0
2026,5,14,5,20.8850320937322,93.5071903868833,4.45419199265397,71.612194376788,3.03184743893872,15.0333167001317,17.8405285071524,12.7101896851147,6.09085198082655,0,2.01941819530109,4.88153049289892,0,0,9.55479054167576,11.2287921382479,0,9.14569474594056,14.6764447005055,11.8454403439838,45.7849000514463,29.6,0,33,27.0999999999996,0,15.6175,21.0769726221333,0,12.82618,1.78872773040001,0,0,0,0,0
2026,5,14,6,20.8850320937322,93.5071903868833,4.45419199265397,71.612194376788,3.03184743893872,15.0333167001317,17.8405285071524,12.7101896851147,6.09085198082655,0,2.01941819530109,4.88153049289892,0,0,9.55479054167576,11.2287921382479,0,9.14569474594056,14.6764447005055,11.8454403439838,45.7849000514463,29.6,0,33,27.0999999999996,0,15.6175,21.0769726221333,0,12.82618,1.78872773040001,0,0,0,0,0
2026,5,14,7,20.8850320937322,93.5071903868833,4.45419199265397,71.612194376788,3.03184743893872,15.0333167001317,17.8405285071524,12.7101896851147,6.09085198082655,0,2.01941819530109,4.88153049289892,0,0,9.55479054167576,11.2287921382479,0,9.14569474594056,14.6764447005055,11.8454403439838,45.7849000514463,29.6,0,33,27.0999999999996,0,15.6175,21.0769726221333,0,12.82618,1.78872773040001,0,0,0,0,0
2026,5,14,8,20.8850320937322,93.5071903868833,4.45419199265397,71.612194376788,3.03184743893872,15.0333167001317,17.8405285071524,12.7101896851147,6.09085198082655,0,2.01941819530109,4.88153049289892,0,0,9.55479054167576,11.2287921382479,0,9.14569474594056,14.6764447005055,11.8454403439838,45.7849000514463,29.6,0,33,27.0999999999996,0,15.6175,21.0769726221333,0,12.82618,1.78872773040001,0,0,0,0,0
2026,5,14,9,20.8850320937322,93.5071903868833,4.45419199265397,71.612194376788,3.03184743893872,15.0333167001317,17.8405285071524,12.7101896851147,6.09085198082655,0,2.01941819530109,4.88153049289892,0,0,9.55479054167576,11.2287921382479,0,9.14569474594056,14.6764447005055,11.8454403439838,45.7849000514463,29.6,0,33,27.0999999999996,0,15.6175,21.0769726221333,0,12.82618,1.78872773040001,0,0,0,0,0
2026,5,14,10,20.8850320937322,93.5071903868833,4.45419199265397,71.612194376788,3.03184743893872,15.0333167001317,17.8405285071524,12.7101896851147,6.09085198082655,0,2.01941819530109,4.88153049289892,0,0,9.55479054167576,11.2287921382479,0,9.14569474594056,14.6764447005055,11.8454403439838,45.7849000514463,29.6,0,33,27.0999999999996,0,15.6175,21.0769726221333,0,12.82618,1.78872773040001,0,0,0,0,0
2026,5,14,11,20.8850320937322,93.5071903868833,4.45419199265397,71.612194376788,3.03184743893872,15.0333167001317,17.8405285071524,12.7101896851147,6.09085198082655,0,2.01941819530109,4.88153049289892,0,0,9.55479054167576,11.2287921382479,0,9.14569474594056,14.6764447005055,11.8454403439838,45.7849000514463,29.6,0,33,27.0999999999996,0,15.6175,21.0769726221333,0,12.82618,1.78872773040001,0,0,0,0,0
2026,5,14,12,20.8850320937322,93.5071903868833,4.45419199265397,71.612194376788,3.03184743893872,15.0333167001317,17.8405285071524,12.7101896851147,6.09085198082655,0,2.01941819530109,4.88153049289892,0,0,9.55479054167576,11.2287921382479,0,9.14569474594056,14.6764447005055,11.8454403439838,45.7849000514463,29.6,0,33,27.0999999999996,0,15.6175,21.0769726221333,0,12.82618,1.78872773040001,0,0,0,0,0
2026,5,14,13,20.8850320937322,93.5071903868833,4.45419199265397,71.612194376788,3.03184743893872,15.0333167001317,17.8405285071524,12.7101896851147,6.09085198082655,0,2.01941819530109,4.88153049289892,0,0,9.55479054167576,11.2287921382479,0,9.14569474594056,14.6764447005055,11.8454403439838,45.7849000514463,29.6,0,33,27.0999999999996,0,15.6175,21.0769726221333,0,12.82618,1.78872773040001,0,0,0,0,0
2026,5,14,14,20.8850320937322,93.5071903868833,4.45419199265397,71.612194376788,3.03184743893872,15.0333167001317,17.8405285071524,12.7101896851147,6.09085198082655,0,2.01941819530109,4.88153049289892,0,0,9.55479054167576,11.2287921382479,0,9.14569474594056,14.6764447005055,11.8454403439838,45.7849000514463,29.6,0,33,27.0999999999996,0,15.6175,21.0769726221333,0,12.82618,1.78872773040001,0,0,0,0,0
2026,5,14,15,20.8850320937322,93.5071903868833,4.45419199265397,71.612194376788,3.03184743893872,15.0333167001317,17.8405285071524,12.7101896851147,6.09085198082655,0,2.01941819530109,4.88153049289892,0,0,9.55479054167576,11.2287921382479,0,9.14569474594056,14.6764447005055,11.8454403439838,45.7849000514463,29.6,0,33,27.0999999999996,0,15.6175,21.0769726221333,0,12.82618,1.78872773040001,0,0,0,0,0
2026,5,14,16,20.8850320937322,93.5071903868833,4.45419199265397,71.612194376788,3.03184743893872,15.0333167001317,17.8405285071524,12.7101896851147,6.09085198082655,0,2.01941819530109,4.88153049289892,0,0,9.55479054167576,11.2287921382479,0,9.14569474594056,14.6764447005055,11.8454403439838,45.7849000514463,29.6,0,33,27.0999999999996,0,15.6175,21.0769726221333,0,12.82618,1.78872773040001,0,0,0,0,0
2026,5,14,17,20.8850320937322,93.5071903868833,4.45419199265397,71.612194376788,3.03184743893872,15.0333167001317,17.8405285071524,12.7101896851147,6.09085198082655,0,2.01941819530109,4.88153049289892,0,0,9.55479054167576,11.2287921382479,0,9.14569474594056,14.6764447005055,11.8454403439838,45.7849000514463,29.6,0,33,27.0999999999996,0,15.6175,21.0769726221333,0,12.82618,1.78872773040001,0,0,0,0,0
2026,5,14,18,20.8850320937322,93.5071903868833,4.45419199265397,71.612194376788,3.03184743893872,15.0333167001317,17.8405285071524,12.7101896851147,6.09085198082655,0,2.01941819530109,4.88153049289892,0,0,9.55479054167576,11.2287921382479,0,9.14569474594056,14.6764447005055,11.8454403439838,45.7849000514463,29.6,0,33,27.0999999999996,0,15.6175,21.0769726221333,0,12.82618,1.78872773040001,0,0,0,0,0
2026,5,14,19,20.8850320937322,93.5071903868833,4.45419199265397,71.612194376788,3.03184743893872,15.0333167001317,17.8405285071524,12.7101896851147,6.09085198082655,0,2.01941819530109,4.88153049289892,0,0,9.55479054167576,11.2287921382479,0,9.14569474594056,14.6764447005055,11.8454403439838,45.7849000514463,29.6,0,33,27.0999999999996,0,15.6175,21.0769726221333,0,12.82618,1.78872773040001,0,0,0,0,0
2026,5,14,20,20.8850320937322,93.5071903868833,4.45419199265397,71.612194376788,3.03184743893872,15.0333167001317,17.8405285071524,12.7101896851147,6.09085198082655,0,2.01941819530109,4.88153049289892,0,0,9.55479054167576,11.2287921382479,0,9.14569474594056,14.6764447005055,11.8454403439838,45.7849000514463,29.6,0,33,27.0999999999996,0,15.6175,21.0769726221333,0,12.82618,1.78872773040001,0,0,0,0,0
2026,5,14,21,20.8850320937322,93.5071903868833,4.45419199265397,71.612194376788,3.03184743893872,15.0333167001317,17.8405285071524,12.7101896851147,6.09085198082655,0,2.01941819530109,4.88153049289892,0,0,9.55479054167576,11.2287921382479,0,9.14569474594056,14.6764447005055,11.8454403439838,45.7849000514463,29.6,0,33,27.0999999999996,0,15.6175,21.0769726221333,0,12.82618,1.78872773040001,0,0,0,0,0
2026,5,14,22,20.8850320937322,93.5071903868833,4.45419199265397,71.612194376788,3.03184743893872,15.0333167001317,17.8405285071524,12.7101896851147,6.09085198082655,0,2.01941819530109,4.88153049289892,0,0,9.55479054167576,11.2287921382479,0,9.14569474594056,14.6764447005055,11.8454403439838,45.7849000514463,29.6,0,33,27.0999999999996,0,15.6175,21.0769726221333,0,12.82618,1.78872773040001,0,0,0,0,0
2026,5,14,23,20.8850320937322,93.5071903868833,4.45419199265397,71.612194376788,3.03184743893872,15.0333167001317,17.8405285071524,12.7101896851147,6.09085198082655,0,2.01941819530109,4.88153049289892,0,0,9.55479054167576,11.2287921382479,0,9.14569474594056,14.6764447005055,11.8454403439838,45.7849000514463,29.6,0,33,27.0999999999996,0,15.6175,21.0769726221333,0,12.82618,1.78872773040001,0,0,0,0,0
2026,5,14,24,20.8850320937322,93.5071903868833,4.45419199265397,71.612194376788,3.03184743893872,15.0333167001317,17.8405285071524,12.7101896851147,6.09085198082655,0,2.01941819530109,4.88153049289892,0,0,9.55479054167576,11.2287921382479,0,9.14569474594056,14.6764447005055,11.8454403439838,45.7849000514463,29.6,0,33,27.0999999999996,0,15.6175,21.0769726221333,0,12.82618,1.78872773040001,0,0,0,0,0
2026,5,15,1,20.529441788884,92.37805766555,4.45419199265397,71.3340136342727,3.35821354104917,14.6542203783954,17.8378463907049,12.9517872580317,6.05474021018923,0,2.01941819530109,4.88153049289892,0,0,8.79433225072196,11.1640588929563,0,8.84791156144513,10.0705077720436,12.1985281133454,47.0479308498666,29.6,0,33,27.0999999999996,0,15.6175,21.0769726221333,0,12.82618,1.78872773040001,0,0,0,0,0
2026,5,15,2,20.529441788884,92.37805766555,4.45419199265397,71.3340136342727,3.35821354104917,14.6542203783954,17.8378463907049,12.9517872580317,6.05474021018923,0,2.01941819530109,4.88153049289892,0,0,8.79433225072196,11.1640588929563,0,8.84791156144513,10.0705077720436,12.1985281133454,47.0479308498666,29.6,0,33,27.0999999999996,0,15.6175,21.0769726221333,0,12.82618,1.78872773040001,0,0,0,0,0
2026,5,15,3,20.529441788884,92.37805766555,4.45419199265397,71.3340136342727,3.35821354104917,14.6542203783954,17.8378463907049,12.9517872580317,6.05474021018923,0,2.01941819530109,4.88153049289892,0,0,8.79433225072196,11.1640588929563,0,8.84791156144513,10.0705077720436,12.1985281133454,47.0479308498666,29.6,0,33,27.0999999999996,0,15.6175,21.0769726221333,0,12.82618,1.78872773040001,0,0,0,0,0
2026,5,15,4,20.529441788884,92.37805766555,4.45419199265397,71.3340136342727,3.35821354104917,14.6542203783954,17.8378463907049,12.9517872580317,6.05474021018923,0,2.01941819530109,4.88153049289892,0,0,8.79433225072196,11.1640588929563,0,8.84791156144513,10.0705077720436,12.1985281133454,47.0479308498666,29.6,0,33,27.0999999999996,0,15.6175,21.0769726221333,0,12.82618,1.78872773040001,0,0,0,0,0
2026,5,15,5,20.529441788884,92.37805766555,4.45419199265397,71.3340136342727,3.35821354104917,14.6542203783954,17.8378463907049,12.9517872580317,6.05474021018923,0,2.01941819530109,4.88153049289892,0,0,8.79433225072196,11.1640588929563,0,8.84791156144513,10.0705077720436,12.1985281133454,47.0479308498666,29.6,0,33,27.0999999999996,0,15.6175,21.0769726221333,0,12.82618,1.78872773040001,0,0,0,0,0
2026,5,15,6,20.529441788884,92.37805766555,4.45419199265397,71.3340136342727,3.35821354104917,14.6542203783954,17.8378463907049,12.9517872580317,6.05474021018923,0,2.01941819530109,4.88153049289892,0,0,8.79433225072196,11.1640588929563,0,8.84791156144513,10.0705077720436,12.1985281133454,47.0479308498666,29.6,0,33,27.0999999999996,0,15.6175,21.0769726221333,0,12.82618,1.78872773040001,0,0,0,0,0
2026,5,15,7,20.529441788884,92.37805766555,4.45419199265397,71.3340136342727,3.35821354104917,14.6542203783954,17.8378463907049,12.9517872580317,6.05474021018923,0,2.01941819530109,4.88153049289892,0,0,8.79433225072196,11.1640588929563,0,8.84791156144513,10.0705077720436,12.1985281133454,47.0479308498666,29.6,0,33,27.0999999999996,0,15.6175,21.0769726221333,0,12.82618,1.78872773040001,0,0,0,0,0
2026,5,15,8,20.529441788884,92.37805766555,4.45419199265397,71.3340136342727,3.35821354104917,14.6542203783954,17.8378463907049,12.9517872580317,6.05474021018923,0,2.01941819530109,4.88153049289892,0,0,8.79433225072196,11.1640588929563,0,8.84791156144513,10.0705077720436,12.1985281133454,47.0479308498666,29.6,0,33,27.0999999999996,0,15.6175,21.0769726221333,0,12.82618,1.78872773040001,0,0,0,0,0
2026,5,15,9,20.529441788884,92.37805766555,4.45419199265397,71.3340136342727,3.35821354104917,14.6542203783954,17.8378463907049,12.9517872580317,6.05474021018923,0,2.01941819530109,4.88153049289892,0,0,8.79433225072196,11.1640588929563,0,8.84791156144513,10.0705077720436,12.1985281133454,47.0479308498666,29.6,0,33,27.0999999999996,0,15.6175,21.0769726221333,0,12.82618,1.78872773040001,0,0,0,0,0
2026,5,15,10,20.529441788884,92.37805766555,4.45419199265397,71.3340136342727,3.35821354104917,14.6542203783954,17.8378463907049,12.9517872580317,6.05474021018923,0,2.01941819530109,4.88153049289892,0,0,8.79433225072196,11.1640588929563,0,8.84791156144513,10.0705077720436,12.1985281133454,47.0479308498666,29.6,0,33,27.0999999999996,0,15.6175,21.0769726221333,0,12.82618,1.78872773040001,0,0,0,0,0
2026,5,15,11,20.529441788884,92.37805766555,4.45419199265397,71.3340136342727,3.35821354104917,14.6542203783954,17.8378463907049,12.9517872580317,6.05474021018923,0,2.01941819530109,4.88153049289892,0,0,8.79433225072196,11.1640588929563,0,8.84791156144513,10.0705077720436,12.1985281133454,47.0479308498666,29.6,0,33,27.0999999999996,0,15.6175,21.0769726221333,0,12.82618,1.78872773040001,0,0,0,0,0
2026,5,15,12,20.529441788884,92.37805766555,4.45419199265397,71.3340136342727,3.35821354104917,14.6542203783954,17.8378463907049,12.9517872580317,6.05474021018923,0,2.01941819530109,4.88153049289892,0,0,8.79433225072196,11.1640588929563,0,8.84791156144513,10.0705077720436,12.1985281133454,47.0479308498666,29.6,0,33,27.0999999999996,0,15.6175,21.0769726221333,0,12.82618,1.78872773040001,0,0,0,0,0
2026,5,15,13,20.529441788884,92.37805766555,4.45419199265397,71.3340136342727,3.35821354104917,14.6542203783954,17.8378463907049,12.9517872580317,6.05474021018923,0,2.01941819530109,4.88153049289892,0,0,8.79433225072196,11.1640588929563,0,8.84791156144513,10.0705077720436,12.1985281133454,47.0479308498666,29.6,0,33,27.0999999999996,0,15.6175,21.0769726221333,0,12.82618,1.78872773040001,0,0,0,0,0
2026,5,15,14,20.529441788884,92.37805766555,4.45419199265397,71.3340136342727,3.35821354104917,14.6542203783954,17.8378463907049,12.9517872580317,6.05474021018923,0,2.01941819530109,4.88153049289892,0,0,8.79433225072196,11.1640588929563,0,8.84791156144513,10.0705077720436,12.1985281133454,47.0479308498666,29.6,0,33,27.0999999999996,0,15.6175,21.0769726221333,0,12.82618,1.78872773040001,0,0,0,0,0
2026,5,15,15,20.529441788884,92.37805766555,4.45419199265397,71.3340136342727,3.35821354104917,14.6542203783954,17.8378463907049,12.9517872580317,6.05474021018923,0,2.01941819530109,4.88153049289892,0,0,8.79433225072196,11.1640588929563,0,8.84791156144513,10.0705077720436,12.1985281133454,47.0479308498666,29.6,0,33,27.0999999999996,0,15.6175,21.0769726221333,0,12.82618,1.78872773040001,0,0,0,0,0
2026,5,15,16,20.529441788884,92.37805766555,4.45419199265397,71.3340136342727,3.35821354104917,14.6542203783954,17.8378463907049,12.9517872580317,6.05474021018923,0,2.01941819530109,4.88153049289892,0,0,8.79433225072196,11.1640588929563,0,8.84791156144513,10.0705077720436,12.1985281133454,47.0479308498666,29.6,0,33,27.0999999999996,0,15.6175,21.0769726221333,0,12.82618,1.78872773040001,0,0,0,0,0
2026,5,15,17,20.529441788884,92.37805766555,4.45419199265397,71.3340136342727,3.35821354104917,14.6542203783954,17.8378463907049,12.9517872580317,6.05474021018923,0,2.01941819530109,4.88153049289892,0,0,8.79433225072196,11.1640588929563,0,8.84791156144513,10.0705077720436,12.1985281133454,47.0479308498666,29.6,0,33,27.0999999999996,0,15.6175,21.0769726221333,0,12.82618,1.78872773040001,0,0,0,0,0
2026,5,15,18,20.529441788884,92.37805766555,4.45419199265397,71.3340136342727,3.35821354104917,14.6542203783954,17.8378463907049,12.9517872580317,6.05474021018923,0,2.01941819530109,4.88153049289892,0,0,8.79433225072196,11.1640588929563,0,8.84791156144513,10.0705077720436,12.1985281133454,47.0479308498666,29.6,0,33,27.0999999999996,0,15.6175,21.0769726221333,0,12.82618,1.78872773040001,0,0,0,0,0
2026,5,15,19,20.529441788884,92.37805766555,4.45419199265397,71.3340136342727,3.35821354104917,14.6542203783954,17.8378463907049,12.9517872580317,6.05474021018923,0,2.01941819530109,4.88153049289892,0,0,8.79433225072196,11.1640588929563,0,8.84791156144513,10.0705077720436,12.1985281133454,47.0479308498666,29.6,0,33,27.0999999999996,0,15.6175,21.0769726221333,0,12.82618,1.78872773040001,0,0,0,0,0
2026,5,15,20,20.529441788884,92.37805766555,4.45419199265397,71.3340136342727,3.35821354104917,14.6542203783954,17.8378463907049,12.9517872580317,6.05474021018923,0,2.01941819530109,4.88153049289892,0,0,8.79433225072196,11.1640588929563,0,8.84791156144513,10.0705077720436,12.1985281133454,47.0479308498666,29.6,0,33,27.0999999999996,0,15.6175,21.0769726221333,0,12.82618,1.78872773040001,0,0,0,0,0
2026,5,15,21,20.529441788884,92.37805766555,4.45419199265397,71.3340136342727,3.35821354104917,14.6542203783954,17.8378463907049,12.9517872580317,6.05474021018923,0,2.01941819530109,4.88153049289892,0,0,8.79433225072196,11.1640588929563,0,8.84791156144513,10.0705077720436,12.1985281133454,47.0479308498666,29.6,0,33,27.0999999999996,0,15.6175,21.0769726221333,0,12.82618,1.78872773040001,0,0,0,0,0
2026,5,15,22,20.529441788884,92.37805766555,4.45419199265397,71.3340136342727,3.35821354104917,14.6542203783954,17.8378463907049,12.9517872580317,6.05474021018923,0,2.01941819530109,4.88153049289892,0,0,8.79433225072196,11.1640588929563,0,8.84791156144513,10.0705077720436,12.1985281133454,47.0479308498666,29.6,0,33,27.0999999999996,0,15.6175,21.0769726221333,0,12.82618,1.78872773040001,0,0,0,0,0
2026,5,15,23,20.529441788884,92.37805766555,4.45419199265397,71.3340136342727,3.35821354104917,14.6542203783954,17.8378463907049,12.9517872580317,6.05474021018923,0,2.01941819530109,4.88153049289892,0,0,8.79433225072196,11.1640588929563,0,8.84791156144513,10.0705077720436,12.1985281133454,47.0479308498666,29.6,0,33,27.0999999999996,0,15.6175,21.0769726221333,0,12.82618,1.78872773040001,0,0,0,0,0
2026,5,15,24,20.529441788884,92.37805766555,4.45419199265397,71.3340136342727,3.35821354104917,14.6542203783954,17.8378463907049,12.9517872580317,6.05474021018923,0,2.01941819530109,4.88153049289892,0,0,8.79433225072196,11.1640588929563,0,8.84791156144513,10.0705077720436,12.1985281133454,47.0479308498666,29.6,0,33,27.0999999999996,0,15.6175,21.0769726221333,0,12.82618,1.78872773040001,0,0,0,0,0
